{
  "home_coords": [
    52.485067,
    13.376656
  ],
  "grid_size":
    100
}